[{"model": "food.category", "pk": 1, "fields": {"name": "pizza"}}, {"model": "food.category", "pk": 2, "fields": {"name": "burger"}}, {"model": "food.category", "pk": 3, "fields": {"name": "french_fry"}}, {"model": "food.category", "pk": 4, "fields": {"name": "chicken"}}, {"model": "food.product", "pk": 1, "fields": {"category": 1, "name": "Neapolitan Pizza", "pimage": "https://cdnimg.webstaurantstore.com/uploads/buying_guide/2014/11/pizzatypes-margherita-.jpg"}}, {"model": "food.product", "pk": 2, "fields": {"category": 1, "name": "Chicago Pizza", "pimage": "https://cdnimg.webstaurantstore.com/uploads/buying_guide/2014/11/pizzatypes-deepdish.jpg"}}, {"model": "food.product", "pk": 3, "fields": {"category": 1, "name": "New York-Style Pizza", "pimage": "https://cdnimg.webstaurantstore.com/uploads/blog/2016/8/flat.jpg"}}, {"model": "food.product", "pk": 4, "fields": {"category": 1, "name": "Sicilian Pizza", "pimage": "https://cdnimg.webstaurantstore.com/uploads/blog/2016/8/rectangle.jpg"}}, {"model": "food.product", "pk": 5, "fields": {"category": 1, "name": "Greek Pizza", "pimage": "https://cdnimg.webstaurantstore.com/uploads/blog/2016/8/onions.jpg"}}, {"model": "food.product", "pk": 6, "fields": {"category": 1, "name": "California Pizza", "pimage": "https://cdnimg.webstaurantstore.com/uploads/buying_guide/2014/11/pizzatypes-gourmet.jpg"}}, {"model": "food.product", "pk": 7, "fields": {"category": 1, "name": "Detroit Pizza", "pimage": "https://cdnimg.webstaurantstore.com/uploads/blog/2019/3/blog-types-pizza_in-blog-7.jpg"}}, {"model": "food.product", "pk": 8, "fields": {"category": 2, "name": "Beef Burgers", "pimage": "https://i2.wp.com/www.eatthis.com/wp-content/uploads/media/images/ext/520765216/classic-beef-burger.jpg?resize=640%2C468&ssl=1"}}, {"model": "food.product", "pk": 9, "fields": {"category": 2, "name": "Elk Burgers", "pimage": "https://i2.wp.com/www.eatthis.com/wp-content/uploads/media/images/ext/316673155/elk-burger.jpg?resize=640%2C468&ssl=1"}}, {"model": "food.product", "pk": 10, "fields": {"category": 2, "name": "Portobello Mushroom", "pimage": "https://i2.wp.com/www.eatthis.com/wp-content/uploads/media/images/ext/254552601/raw-portobello-burger.jpg?resize=640%2C468&ssl=1"}}, {"model": "food.product", "pk": 11, "fields": {"category": 2, "name": "Turkey Burgers", "pimage": "https://i2.wp.com/www.eatthis.com/wp-content/uploads/media/images/ext/184168996/turkey-burger.jpg?resize=640%2C468&ssl=1"}}, {"model": "food.product", "pk": 12, "fields": {"category": 2, "name": "Veggie Burgers", "pimage": "https://i1.wp.com/www.eatthis.com/wp-content/uploads/media/images/ext/351400125/pumpkin-veggie-burger.jpg?resize=640%2C468&ssl=1"}}, {"model": "food.product", "pk": 13, "fields": {"category": 2, "name": "Black Bean Burgers", "pimage": "https://i0.wp.com/www.eatthis.com/wp-content/uploads/media/images/ext/534225686/veggie-burger.jpg?resize=640%2C468&ssl=1"}}, {"model": "food.product", "pk": 14, "fields": {"category": 4, "name": "Country-fried", "pimage": "https://assets3.thrillist.com/v1/image/2777051/1584x1054/crop;jpeg_quality=60.jpg"}}, {"model": "food.product", "pk": 15, "fields": {"category": 4, "name": "Broasted", "pimage": "https://assets3.thrillist.com/v1/image/1140741/1584x1054/crop;jpeg_quality=60.jpg"}}, {"model": "food.product", "pk": 16, "fields": {"category": 4, "name": "Buffalo wings", "pimage": "https://assets3.thrillist.com/v1/image/2777049/1584x1054/crop;jpeg_quality=60.jpg"}}, {"model": "food.product", "pk": 17, "fields": {"category": 4, "name": "Buttermilk", "pimage": "https://assets3.thrillist.com/v1/image/2777045/1584x1054/crop;jpeg_quality=60.jpg"}}, {"model": "food.product", "pk": 18, "fields": {"category": 4, "name": "Karaage", "pimage": "https://assets3.thrillist.com/v1/image/2777068/1584x1054/crop;jpeg_quality=60.jpg"}}, {"model": "food.product", "pk": 19, "fields": {"category": 4, "name": "Nashville hot chick", "pimage": "https://assets3.thrillist.com/v1/image/2777046/1584x1054/crop;jpeg_quality=60.jpg"}}, {"model": "food.product", "pk": 20, "fields": {"category": 4, "name": "Smoked", "pimage": "https://assets3.thrillist.com/v1/image/2777050/1584x1054/crop;jpeg_quality=60.jpg"}}, {"model": "food.product", "pk": 21, "fields": {"category": 3, "name": "Curly Fries", "pimage": "https://drop.ndtv.com/albums/COOKS/potatoefries/istock_37503950_small(1).jpg"}}, {"model": "food.product", "pk": 22, "fields": {"category": 3, "name": "Crinkle Cut Fries", "pimage": "https://drop.ndtv.com/albums/COOKS/potatoefries/istock_67033483_small(1).jpg"}}, {"model": "food.product", "pk": 23, "fields": {"category": 3, "name": "Shoestring Fries", "pimage": "https://drop.ndtv.com/albums/COOKS/potatoefries/shoestringfries.jpg"}}, {"model": "food.product", "pk": 24, "fields": {"category": 3, "name": "Chilli Cheese Fries", "pimage": "https://drop.ndtv.com/albums/COOKS/potatoefries/istock_27084788_small(1).jpg"}}, {"model": "food.info", "pk": 1, "fields": {"product": 1, "size": "S", "price": "5.10"}}, {"model": "food.info", "pk": 2, "fields": {"product": 1, "size": "M", "price": "8.05"}}, {"model": "food.info", "pk": 3, "fields": {"product": 1, "size": "L", "price": "13.50"}}, {"model": "food.info", "pk": 4, "fields": {"product": 2, "size": "S", "price": "10.08"}}, {"model": "food.info", "pk": 5, "fields": {"product": 2, "size": "M", "price": "14.05"}}, {"model": "food.info", "pk": 6, "fields": {"product": 2, "size": "L", "price": "16.00"}}, {"model": "food.info", "pk": 7, "fields": {"product": 3, "size": "S", "price": "10.70"}}, {"model": "food.info", "pk": 8, "fields": {"product": 3, "size": "M", "price": "15.00"}}, {"model": "food.info", "pk": 9, "fields": {"product": 3, "size": "L", "price": "18.00"}}, {"model": "food.info", "pk": 10, "fields": {"product": 8, "size": "M", "price": "12.05"}}, {"model": "food.info", "pk": 11, "fields": {"product": 9, "size": "M", "price": "8.00"}}, {"model": "food.info", "pk": 12, "fields": {"product": 10, "size": "M", "price": "13.01"}}, {"model": "food.info", "pk": 13, "fields": {"product": 11, "size": "M", "price": "12.05"}}, {"model": "food.info", "pk": 14, "fields": {"product": 12, "size": "M", "price": "6.05"}}, {"model": "food.info", "pk": 15, "fields": {"product": 13, "size": "M", "price": "15.50"}}, {"model": "food.info", "pk": 16, "fields": {"product": 14, "size": "M", "price": "6.50"}}, {"model": "food.info", "pk": 17, "fields": {"product": 15, "size": "M", "price": "6.50"}}, {"model": "food.info", "pk": 18, "fields": {"product": 16, "size": "M", "price": "12.50"}}, {"model": "food.info", "pk": 19, "fields": {"product": 17, "size": "M", "price": "12.00"}}, {"model": "food.info", "pk": 20, "fields": {"product": 18, "size": "M", "price": "10.00"}}, {"model": "food.info", "pk": 21, "fields": {"product": 19, "size": "M", "price": "8.90"}}, {"model": "food.info", "pk": 22, "fields": {"product": 20, "size": "M", "price": "12.12"}}, {"model": "food.info", "pk": 23, "fields": {"product": 21, "size": "M", "price": "4.05"}}, {"model": "food.info", "pk": 24, "fields": {"product": 22, "size": "M", "price": "4.99"}}, {"model": "food.info", "pk": 25, "fields": {"product": 23, "size": "M", "price": "3.50"}}, {"model": "food.info", "pk": 26, "fields": {"product": 24, "size": "M", "price": "6.00"}}]